,ft1,ft2,ft3,ft4,ft5
A,-0.5646401228987665,-0.283366636580493,-0.025954493375048866,-0.4085433749494825,-0.08664010172783478
C,0.0635685240549686,0.23265963067213566,-0.023688786016022444,0.16202119964455003,0.011629807201911958
D,-0.06493078216852534,-0.13843573188840358,-0.28838210453808444,-0.09757897493682728,-0.10382198969118507
E,0.17557205432516282,0.17045837763335092,-0.3294288443479125,-0.020978666911792513,-0.6044548597257543
F,0.11437411453088452,-0.10834734944338158,0.152756367919933,-0.4345733813314107,0.163533960587268
G,-0.21140369303380052,-0.03684424357228455,-0.17119524439085104,0.21515209995565987,-0.09111115739202814
H,-0.03955464485518059,0.11034419674025653,0.08972481093193241,0.050658136181031946,-0.035013619525397235
I,0.24925412160202004,-0.5077666847897954,-0.017092666199099146,0.408324327091213,-0.09631850736003612
K,0.520561734603681,-0.047714803474270345,-0.22128402894633487,-0.3654593427659347,-0.040530148704217867
L,-0.048687107052750644,-0.0682261094358461,0.47525847238324687,-0.17964115078212792,-0.2797056084961877
M,-0.007374370359438101,-0.08784650651245446,0.16577778819685393,0.37027126364556034,-0.07545684062006798
N,0.2637996939632477,-0.21611751626539827,0.07950967794553881,-0.11475068503976155,0.26918537916975943
P,-0.12140850939328306,0.4641956883964853,-0.1848117107069114,-0.09893800128318261,0.007835577231096532
Q,-1.0738383497563286e-05,0.1880656798551863,0.5485303313746713,0.01799913656218729,-0.15733622281374438
R,-0.2622932599953728,0.14113069855856075,-0.05214543208315192,0.19558740376279402,0.06397340010066854
S,0.17588650481074342,0.4067924289587331,0.01475647804067617,0.022095871203495987,0.23782112467339667
T,-0.08462659526354682,0.022824518220198448,-0.08130186325355504,0.04671892090138489,0.5419739132305497
V,-0.2023556693033477,-0.16718433347378406,-0.2800332371210922,0.033220056696889905,0.10924831545583863
W,-0.06174375277973011,0.014638967637085307,0.11539059510541268,0.05169784364306154,0.019938484033403592
Y,0.10601249759653199,-0.08926027123588025,0.0336138890797996,0.146717318712692,0.14524909437256392
